FID,TARGET_FID,Join_Count,MAINTAREA_,Name,DISTRIBUTI,البلد,الحي_,ASSETSTATU,ASSETCONDI,DIAMETER_1,MATERIAL_1,INSTALLDAT,NEW_REL_PR,Shape__Len,Id_1,Class_name,fclass_1,Width_1,Y,X,اليوم,وقت_ت,تاريخ,زمن_ا,Xnew,Ynew
352863,352864,1,MAKKAH MA1,حي الشرائع,A5,الشرائع,الشرائع,Active,Good,150,UPVC,1/24/2004 0:00,7.4,76.02832038,195879,Roads,secondary,15,21.477185,39.945945,الثلاثاء,8/8/2023 0:00,8/8/2023 0:00,4:00,39.95617623,21.46964913
352864,352865,1,MAKKAH MA1,حي الشرائع,A5,الشرائع,الشرائع,Active,Good,150,UPVC,1/24/2004 0:00,7.4,76.02832038,195879,Roads,secondary,15,21.477185,39.945945,الثلاثاء,8/8/2023 0:00,8/8/2023 0:00,4:00,39.95626573,21.46968294
352865,352866,1,MAKKAH MA1,حي الشرائع,A5,الشرائع,الشرائع,Active,Good,150,UPVC,1/24/2004 0:00,7.4,76.02832038,198619,Roads,secondary,15,21.477185,39.945945,الثلاثاء,8/8/2023 0:00,8/8/2023 0:00,4:00,39.95635523,21.46971676
352866,352867,1,MAKKAH MA1,حي الشرائع,A5,الشرائع,الشرائع,Active,Good,150,UPVC,1/24/2004 0:00,7.4,76.02832038,198619,Roads,secondary,15,21.477185,39.945945,الثلاثاء,8/8/2023 0:00,8/8/2023 0:00,4:00,39.95644472,21.46975058
352867,352868,1,MAKKAH MA1,حي الشرائع,A5,الشرائع,الشرائع,Active,Good,100,UPVC,1/24/2004 0:00,7.4,43.64270882,198619,Roads,residential,15,21.468334,39.951992,السبت,4/29/2023 0:00,4/30/2023 0:00,5:17,39.95649867,21.46977097
352868,352869,1,MAKKAH MA1,حي الشرائع,A5,الشرائع,الشرائع,Active,Good,100,UPVC,1/24/2004 0:00,7.4,43.64270882,198619,Roads,residential,15,21.468334,39.951992,السبت,4/29/2023 0:00,4/30/2023 0:00,5:17,39.95649867,21.46977097
352869,352870,1,MAKKAH MA1,حي الشرائع,A5,الشرائع,الشرائع,Active,Good,150,UPVC,1/24/2004 0:00,7.4,123.4578673,198619,Roads,residential,15,21.477185,39.945945,الثلاثاء,8/8/2023 0:00,8/8/2023 0:00,4:00,39.95658722,21.4698069
352870,352871,1,MAKKAH MA1,حي الشرائع,A5,الشرائع,الشرائع,Active,Good,150,UPVC,1/24/2004 0:00,7.4,123.4578673,198619,Roads,secondary,15,21.477185,39.945945,الثلاثاء,8/8/2023 0:00,8/8/2023 0:00,4:00,39.95667577,21.46984284
352871,352872,1,MAKKAH MA1,حي الشرائع,A5,الشرائع,الشرائع,Active,Good,150,UPVC,1/24/2004 0:00,7.4,123.4578673,198619,Roads,secondary,15,21.477185,39.945945,الثلاثاء,8/8/2023 0:00,8/8/2023 0:00,4:00,39.95676432,21.46987877
352872,352873,1,MAKKAH MA1,حي الشرائع,A5,الشرائع,الشرائع,Active,Good,150,UPVC,1/24/2004 0:00,7.4,123.4578673,198619,Roads,secondary,15,21.477185,39.945945,الثلاثاء,8/8/2023 0:00,8/8/2023 0:00,4:00,39.95685287,21.46991471
352873,352874,1,MAKKAH MA1,حي الشرائع,A5,الشرائع,الشرائع,Active,Good,150,UPVC,1/24/2004 0:00,7.4,123.4578673,198619,Roads,secondary,15,21.477185,39.945945,الثلاثاء,8/8/2023 0:00,8/8/2023 0:00,4:00,39.95694142,21.46995064
352874,352875,1,MAKKAH MA1,حي الشرائع,A5,الشرائع,الشرائع,Active,Good,150,UPVC,1/24/2004 0:00,7.4,123.4578673,198619,Roads,secondary,15,21.477185,39.945945,الثلاثاء,8/8/2023 0:00,8/8/2023 0:00,4:00,39.95702997,21.46998658
352875,352876,1,MAKKAH MA1,حي الشرائع,A5,الشرائع,الشرائع,Active,Good,150,UPVC,1/24/2004 0:00,7.4,123.4578673,191956,Roads,secondary,15,21.477185,39.945945,الثلاثاء,8/8/2023 0:00,8/8/2023 0:00,4:00,39.95711852,21.47002251
352876,352877,1,MAKKAH MA1,حي الشرائع,A5,الشرائع,الشرائع,Active,Good,150,UPVC,1/24/2004 0:00,7.4,123.4578673,198619,Roads,secondary,15,21.477185,39.945945,الثلاثاء,8/8/2023 0:00,8/8/2023 0:00,4:00,39.95720707,21.47005844
352877,352878,1,MAKKAH MA1,حي الشرائع,A5,الشرائع,الشرائع,Active,Good,150,UPVC,1/24/2004 0:00,7.4,123.4578673,198619,Roads,secondary,15,21.477185,39.945945,الثلاثاء,8/8/2023 0:00,8/8/2023 0:00,4:00,39.95729562,21.47009438
352878,352879,1,MAKKAH MA1,حي الشرائع,A5,الشرائع,الشرائع,Active,Good,150,UPVC,1/24/2004 0:00,7.4,123.4578673,198619,Roads,secondary,15,21.477185,39.945945,الثلاثاء,8/8/2023 0:00,8/8/2023 0:00,4:00,39.95738417,21.47013031
352879,352880,1,MAKKAH MA1,حي الشرائع,A5,الشرائع,الشرائع,Active,Good,150,UPVC,1/24/2004 0:00,7.4,123.4578673,198619,Roads,secondary,15,21.477185,39.945945,الثلاثاء,8/8/2023 0:00,8/8/2023 0:00,4:00,39.95747272,21.47016625
352880,352881,1,MAKKAH MA1,حي الشرائع,A5,الشرائع,الشرائع,Active,Good,150,UPVC,1/24/2004 0:00,7.4,123.4578673,195879,Roads,secondary,15,21.477185,39.945945,الثلاثاء,8/8/2023 0:00,8/8/2023 0:00,4:00,39.95756127,21.47020218
352881,352882,1,MAKKAH MA1,حي الشرائع,A5,الشرائع,الشرائع,Active,Good,150,UPVC,1/24/2004 0:00,7.4,123.4578673,195879,Roads,secondary,15,21.477185,39.945945,الثلاثاء,8/8/2023 0:00,8/8/2023 0:00,4:00,39.95759189,21.47021461
352882,352883,1,MAKKAH MA1,حي الشرائع,A5,الشرائع,الشرائع,Active,Good,150,UPVC,1/24/2004 0:00,7.4,123.4578673,195879,Roads,secondary,15,21.477185,39.945945,الثلاثاء,8/8/2023 0:00,8/8/2023 0:00,4:00,39.95759189,21.47021461
352883,352884,1,MAKKAH MA1,حي الشرائع,A5,الشرائع,الشرائع,Active,Good,150,UPVC,1/24/2004 0:00,7.4,60.10523848,195879,Roads,secondary,15,21.477185,39.945945,الثلاثاء,8/8/2023 0:00,8/8/2023 0:00,4:00,39.95768028,21.47025088
352884,352885,1,MAKKAH MA1,حي الشرائع,A5,الشرائع,الشرائع,Active,Good,150,UPVC,1/24/2004 0:00,7.4,60.10523848,195879,Roads,secondary,15,21.477185,39.945945,الثلاثاء,8/8/2023 0:00,8/8/2023 0:00,4:00,39.95776867,21.47028715
352885,352886,1,MAKKAH MA1,حي الشرائع,A5,الشرائع,الشرائع,Active,Good,150,UPVC,1/24/2004 0:00,7.4,60.10523848,195879,Roads,secondary,15,21.477185,39.945945,الثلاثاء,8/8/2023 0:00,8/8/2023 0:00,4:00,39.95785706,21.47032343
352886,352887,1,MAKKAH MA1,حي الشرائع,A5,الشرائع,الشرائع,Active,Good,150,UPVC,1/24/2004 0:00,7.4,60.10523848,191219,Roads,secondary,15,21.477185,39.945945,الثلاثاء,8/8/2023 0:00,8/8/2023 0:00,4:00,39.95794546,21.4703597
352887,352888,1,MAKKAH MA1,حي الشرائع,A5,الشرائع,الشرائع,Active,Good,150,UPVC,1/24/2004 0:00,7.4,60.10523848,195879,Roads,secondary,15,21.477185,39.945945,الثلاثاء,8/8/2023 0:00,8/8/2023 0:00,4:00,39.95803385,21.47039598
352888,352889,1,MAKKAH MA1,حي الشرائع,A5,الشرائع,الشرائع,Active,Good,150,UPVC,1/24/2004 0:00,7.4,60.10523848,195879,Roads,secondary,15,21.477185,39.945945,الثلاثاء,8/8/2023 0:00,8/8/2023 0:00,4:00,39.95812224,21.47043225
352889,352890,1,MAKKAH MA1,حي الشرائع,A5,الشرائع,الشرائع,Active,Good,150,UPVC,1/24/2004 0:00,7.4,185.4242409,195879,Roads,secondary,15,21.477185,39.945945,الثلاثاء,8/8/2023 0:00,8/8/2023 0:00,4:00,39.95812317,21.47043263
352890,352891,1,MAKKAH MA1,حي الشرائع,A5,الشرائع,الشرائع,Active,Good,150,UPVC,1/24/2004 0:00,7.4,185.4242409,195879,Roads,secondary,15,21.477185,39.945945,الثلاثاء,8/8/2023 0:00,8/8/2023 0:00,4:00,39.95976667,21.47109554
352891,352892,0,MAKKAH MA1,حي السلام,A5,الشرائع,السلام,Active,Good,400,DI,1/24/2004 0:00,10,11.19593505,195879,Roads,secondary,15,0,0, ,,, ,39.95979077,21.471038
352892,352893,1,MAKKAH MA1,حي السلام,A5,الشرائع,السلام,Active,Good,100,UPVC,1/24/2004 0:00,10,190.7105051,200379,Roads,residential,15,21.462391,39.959744,السبت,8/5/2023 0:00,8/5/2023 0:00,2:37,39.95383744,21.46795181
352893,352894,1,MAKKAH MA1,حي السلام,A5,الشرائع,السلام,Active,Good,100,UPVC,1/24/2004 0:00,10,190.7105051,198622,Roads,residential,15,21.467887,39.95397,الخميس,2/23/2023 0:00,2/23/2023 0:00,4:47,39.95387883,21.46787021
352894,352895,1,MAKKAH MA1,حي السلام,A5,الشرائع,السلام,Active,Good,100,UPVC,1/24/2004 0:00,10,190.7105051,200379,Roads,residential,15,21.462391,39.959744,السبت,8/5/2023 0:00,8/5/2023 0:00,2:37,39.95392041,21.46778868
352895,352896,1,MAKKAH MA1,حي السلام,A5,الشرائع,السلام,Active,Good,100,UPVC,1/24/2004 0:00,10,190.7105051,200379,Roads,residential,15,21.462391,39.959744,السبت,8/5/2023 0:00,8/5/2023 0:00,2:37,39.95396198,21.46770715
352896,352897,1,MAKKAH MA1,حي السلام,A5,الشرائع,السلام,Active,Good,100,UPVC,1/24/2004 0:00,10,190.7105051,215678,Roads,residential,15,21.462391,39.959744,السبت,8/5/2023 0:00,8/5/2023 0:00,2:37,39.95400355,21.46762562
352897,352898,1,MAKKAH MA1,حي السلام,A5,الشرائع,السلام,Active,Good,100,UPVC,1/24/2004 0:00,10,190.7105051,200611,Roads,residential,15,21.462391,39.959744,السبت,8/5/2023 0:00,8/5/2023 0:00,2:37,39.95404512,21.46754409
352898,352899,2,MAKKAH MA1,حي السلام,A5,الشرائع,السلام,Active,Good,100,UPVC,1/24/2004 0:00,10,190.7105051,199644,Roads,residential,15,21.467461,39.954168,الثلاثاء,8/8/2023 0:00,8/8/2023 0:00,3:13,39.9540867,21.46746256
352899,352900,1,MAKKAH MA1,حي السلام,A5,الشرائع,السلام,Active,Good,100,UPVC,1/24/2004 0:00,10,190.7105051,200379,Roads,residential,15,21.462391,39.959744,السبت,8/5/2023 0:00,8/5/2023 0:00,2:37,39.95412768,21.46738077
352900,352901,1,MAKKAH MA1,حي السلام,A5,الشرائع,السلام,Active,Good,100,UPVC,1/24/2004 0:00,10,190.7105051,200611,Roads,residential,15,21.462391,39.959744,السبت,8/5/2023 0:00,8/5/2023 0:00,2:37,39.95416832,21.46729883
352901,352902,1,MAKKAH MA1,حي السلام,A5,الشرائع,السلام,Active,Good,100,UPVC,1/24/2004 0:00,10,190.7105051,200611,Roads,residential,15,21.462391,39.959744,السبت,8/5/2023 0:00,8/5/2023 0:00,2:37,39.95420895,21.46721688
352902,352903,1,MAKKAH MA1,حي السلام,A5,الشرائع,السلام,Active,Good,100,UPVC,1/24/2004 0:00,10,190.7105051,215678,Roads,residential,15,21.462391,39.959744,السبت,8/5/2023 0:00,8/5/2023 0:00,2:37,39.95424958,21.46713494
352903,352904,1,MAKKAH MA1,حي السلام,A5,الشرائع,السلام,Active,Good,100,UPVC,1/24/2004 0:00,10,190.7105051,215678,Roads,residential,15,21.462391,39.959744,السبت,8/5/2023 0:00,8/5/2023 0:00,2:37,39.95429021,21.46705299
352904,352905,1,MAKKAH MA1,حي السلام,A5,الشرائع,السلام,Active,Good,100,UPVC,1/24/2004 0:00,10,190.7105051,215678,Roads,residential,15,21.462391,39.959744,السبت,8/5/2023 0:00,8/5/2023 0:00,2:37,39.95433084,21.46697105
352905,352906,1,MAKKAH MA1,حي السلام,A5,الشرائع,السلام,Active,Good,100,UPVC,1/24/2004 0:00,10,190.7105051,201422,Roads,residential,15,21.462391,39.959744,السبت,8/5/2023 0:00,8/5/2023 0:00,2:37,39.95437147,21.4668891
352906,352907,1,MAKKAH MA1,حي السلام,A5,الشرائع,السلام,Active,Good,100,UPVC,1/24/2004 0:00,10,190.7105051,202207,Roads,residential,15,21.462391,39.959744,السبت,8/5/2023 0:00,8/5/2023 0:00,2:37,39.9544121,21.46680716
352907,352908,1,MAKKAH MA1,حي السلام,A5,الشرائع,السلام,Active,Good,100,UPVC,1/24/2004 0:00,10,190.7105051,202207,Roads,residential,15,21.462391,39.959744,السبت,8/5/2023 0:00,8/5/2023 0:00,2:37,39.95445273,21.46672521
352908,352909,1,MAKKAH MA1,حي السلام,A5,الشرائع,السلام,Active,Good,100,UPVC,1/24/2004 0:00,10,190.7105051,215678,Roads,residential,15,21.462391,39.959744,السبت,8/5/2023 0:00,8/5/2023 0:00,2:37,39.95449336,21.46664327
352909,352910,1,MAKKAH MA1,حي السلام,A5,الشرائع,السلام,Active,Good,100,UPVC,1/24/2004 0:00,10,190.7105051,215678,Roads,residential,15,21.462391,39.959744,السبت,8/5/2023 0:00,8/5/2023 0:00,2:37,39.95453399,21.46656133
352910,352911,1,MAKKAH MA1,حي السلام,A5,الشرائع,السلام,Active,Good,100,UPVC,1/24/2004 0:00,10,190.7105051,215678,Roads,residential,15,21.462391,39.959744,السبت,8/5/2023 0:00,8/5/2023 0:00,2:37,39.95457462,21.46647938
352911,352912,1,MAKKAH MA1,حي السلام,A5,الشرائع,السلام,Active,Good,100,UPVC,1/24/2004 0:00,10,190.7105051,215678,Roads,residential,15,21.462391,39.959744,السبت,8/5/2023 0:00,8/5/2023 0:00,2:37,39.95461525,21.46639744
352912,352913,1,MAKKAH MA1,حي السلام,A5,الشرائع,السلام,Active,Good,100,UPVC,1/24/2004 0:00,10,190.7105051,215678,Roads,residential,15,21.462391,39.959744,السبت,8/5/2023 0:00,8/5/2023 0:00,2:37,39.95461814,21.46639161
352913,352914,1,MAKKAH MA1,حي السلام,A5,الشرائع,السلام,Active,Good,100,UPVC,1/24/2004 0:00,10,121.5212049,203181,Roads,residential,15,21.462391,39.959744,السبت,8/5/2023 0:00,8/5/2023 0:00,2:37,39.95459853,21.46635052
352914,352915,1,MAKKAH MA1,حي السلام,A5,الشرائع,السلام,Active,Good,100,UPVC,1/24/2004 0:00,10,121.5212049,203181,Roads,residential,15,21.466305,39.954488,الجمعة,10/20/2023 0:00,10/20/2023 0:00,4:19,39.95451019,21.46631414
352915,352916,1,MAKKAH MA1,حي السلام,A5,الشرائع,السلام,Active,Good,100,UPVC,1/24/2004 0:00,10,121.5212049,215678,Roads,residential,15,21.462391,39.959744,السبت,8/5/2023 0:00,8/5/2023 0:00,2:37,39.95442185,21.46627776
352916,352917,1,MAKKAH MA1,حي السلام,A5,الشرائع,السلام,Active,Good,100,UPVC,1/24/2004 0:00,10,121.5212049,202952,Roads,residential,15,21.462391,39.959744,السبت,8/5/2023 0:00,8/5/2023 0:00,2:37,39.95433351,21.46624137
352917,352918,1,MAKKAH MA1,حي السلام,A5,الشرائع,السلام,Active,Good,100,UPVC,1/24/2004 0:00,10,121.5212049,203416,Roads,residential,15,21.462391,39.959744,السبت,8/5/2023 0:00,8/5/2023 0:00,2:37,39.95424517,21.46620499
352918,352919,1,MAKKAH MA1,حي السلام,A5,الشرائع,السلام,Active,Good,100,UPVC,1/24/2004 0:00,10,121.5212049,203416,Roads,residential,15,21.462391,39.959744,السبت,8/5/2023 0:00,8/5/2023 0:00,2:37,39.95415684,21.46616861
352919,352920,1,MAKKAH MA1,حي السلام,A5,الشرائع,السلام,Active,Good,100,UPVC,1/24/2004 0:00,10,121.5212049,215678,Roads,residential,15,21.462391,39.959744,السبت,8/5/2023 0:00,8/5/2023 0:00,2:37,39.9540685,21.46613222
352920,352921,1,MAKKAH MA1,حي السلام,A5,الشرائع,السلام,Active,Good,100,UPVC,1/24/2004 0:00,10,121.5212049,215678,Roads,residential,15,21.462391,39.959744,السبت,8/5/2023 0:00,8/5/2023 0:00,2:37,39.95398016,21.46609584
352921,352922,1,MAKKAH MA1,حي السلام,A5,الشرائع,السلام,Active,Good,100,UPVC,1/24/2004 0:00,10,121.5212049,203891,Roads,residential,15,21.462391,39.959744,السبت,8/5/2023 0:00,8/5/2023 0:00,2:37,39.95389182,21.46605946
352922,352923,1,MAKKAH MA1,حي السلام,A5,الشرائع,السلام,Active,Good,100,UPVC,1/24/2004 0:00,10,121.5212049,203649,Roads,residential,15,21.462391,39.959744,السبت,8/5/2023 0:00,8/5/2023 0:00,2:37,39.95380348,21.46602307
352923,352924,1,MAKKAH MA1,حي السلام,A5,الشرائع,السلام,Active,Good,100,UPVC,1/24/2004 0:00,10,121.5212049,215678,Roads,residential,15,21.462391,39.959744,السبت,8/5/2023 0:00,8/5/2023 0:00,2:37,39.95371515,21.46598669
352924,352925,1,MAKKAH MA1,حي السلام,A5,الشرائع,السلام,Active,Good,100,UPVC,1/24/2004 0:00,10,121.5212049,215678,Roads,residential,15,21.462391,39.959744,السبت,8/5/2023 0:00,8/5/2023 0:00,2:37,39.95362681,21.46595031
352925,352926,1,MAKKAH MA1,حي السلام,A5,الشرائع,السلام,Active,Good,100,UPVC,1/24/2004 0:00,10,121.5212049,204130,Roads,residential,15,21.462391,39.959744,السبت,8/5/2023 0:00,8/5/2023 0:00,2:37,39.95353847,21.46591392
352926,352927,1,MAKKAH MA1,حي السلام,A5,الشرائع,السلام,Active,Good,100,UPVC,1/24/2004 0:00,10,121.5212049,204130,Roads,residential,15,21.462391,39.959744,السبت,8/5/2023 0:00,8/5/2023 0:00,2:37,39.95352503,21.46590839
352927,352928,1,MAKKAH MA1,حي السلام,A5,الشرائع,السلام,Active,Good,300,DI,1/21/2004 0:00,10,282.9692185,215678,Roads,residential,15,21.464076,39.954285,السبت,8/19/2023 0:00,8/19/2023 0:00,11:18,39.95343998,21.46590481
352928,352929,1,MAKKAH MA1,حي السلام,A5,الشرائع,السلام,Active,Good,300,DI,1/21/2004 0:00,10,49.703371,204130,Roads,residential,15,21.464076,39.954285,السبت,8/19/2023 0:00,8/19/2023 0:00,11:18,39.95352919,21.46593928
352929,352930,1,MAKKAH MA1,حي السلام,A5,الشرائع,السلام,Active,Good,300,DI,1/21/2004 0:00,10,49.703371,215678,Roads,residential,15,21.464076,39.954285,السبت,8/19/2023 0:00,8/19/2023 0:00,11:18,39.95361823,21.46597413
352930,352931,1,MAKKAH MA1,حي السلام,A5,الشرائع,السلام,Active,Good,300,DI,1/21/2004 0:00,10,49.703371,215678,Roads,residential,15,21.464076,39.954285,السبت,8/19/2023 0:00,8/19/2023 0:00,11:18,39.95370727,21.46600898
352931,352932,1,MAKKAH MA1,حي السلام,A5,الشرائع,السلام,Active,Good,300,DI,1/21/2004 0:00,10,49.703371,215678,Roads,residential,15,21.464076,39.954285,السبت,8/19/2023 0:00,8/19/2023 0:00,11:18,39.9537957,21.46604516
352932,352933,1,MAKKAH MA1,حي السلام,A5,الشرائع,السلام,Active,Good,300,DI,1/21/2004 0:00,10,49.703371,203891,Roads,residential,15,21.464076,39.954285,السبت,8/19/2023 0:00,8/19/2023 0:00,11:18,39.9538813,21.46608071
352933,352934,1,MAKKAH MA1,حي التروية,A5,الشرائع,السلام,Active,Good,200,UPVC,9/10/2018 0:00,10,62.19997663,278225,Roads,residential,15,21.466333,39.974668,الأربعاء,8/16/2023 0:00,8/16/2023 0:00,0:15,39.97490649,21.46560023
352934,352935,0,MAKKAH MA1,حي التروية,A5,الشرائع,الكوثر,Active,Good,200,UPVC,10/11/2018 0:00,5.2,40.60601939,278225,Roads,secondary,15,0,0, ,,, ,39.97494512,21.46551744
352935,352936,0,MAKKAH MA1,حي التروية,A5,الشرائع,الكوثر,Active,Good,200,UPVC,10/11/2018 0:00,5.2,40.60601939,278225,Roads,secondary,15,0,0, ,,, ,39.97498374,21.46543465
352936,352937,0,MAKKAH MA1,حي الكوثر,A5,الشرائع,الكوثر,Active,Good,200,UPVC,10/11/2018 0:00,5.2,40.60601939,278225,Roads,secondary,15,0,0, ,,, ,39.97502237,21.46535186
352937,352938,0,MAKKAH MA1,حي الكوثر,A5,الشرائع,الكوثر,Active,Good,200,UPVC,10/11/2018 0:00,5.2,40.60601939,278225,Roads,secondary,15,0,0, ,,, ,39.975061,21.46526907
352938,352939,0,MAKKAH MA1,حي الكوثر,A5,الشرائع,الكوثر,Active,Good,200,UPVC,10/11/2018 0:00,5.2,40.60601939,278225,Roads,secondary,15,0,0, ,,, ,39.97506334,21.46526406
352939,352940,1,MAKKAH MA1,حي الشرائع,A5,الشرائع,الشرائع,Active,Good,100,UPVC,1/24/2004 0:00,7.4,60.35126788,178573,Roads,residential,15,21.477768,39.947945,السبت,8/26/2023 0:00,8/27/2023 0:00,4:20,39.947975,21.47770915
352940,352941,1,MAKKAH MA1,حي الشرائع,A5,الشرائع,الشرائع,Active,Good,100,UPVC,1/24/2004 0:00,7.4,50.09109806,178573,Roads,residential,15,21.468334,39.951992,السبت,4/29/2023 0:00,4/30/2023 0:00,5:17,39.94801953,21.477629
352941,352942,1,MAKKAH MA1,حي الشرائع,A5,الشرائع,الشرائع,Active,Good,100,UPVC,1/24/2004 0:00,7.4,50.09109806,171156,Roads,residential,15,21.468334,39.951992,السبت,4/29/2023 0:00,4/30/2023 0:00,5:17,39.94806406,21.47754884
352942,352943,1,MAKKAH MA1,حي الشرائع,A5,الشرائع,الشرائع,Active,Good,100,UPVC,1/24/2004 0:00,7.4,50.09109806,171156,Roads,residential,15,21.468334,39.951992,السبت,4/29/2023 0:00,4/30/2023 0:00,5:17,39.94810859,21.47746869
352943,352944,1,MAKKAH MA1,حي الشرائع,A5,الشرائع,الشرائع,Active,Good,100,UPVC,1/24/2004 0:00,7.4,50.09109806,172308,Roads,residential,15,21.468334,39.951992,السبت,4/29/2023 0:00,4/30/2023 0:00,5:17,39.94815312,21.47738854
352944,352945,1,MAKKAH MA1,حي الشرائع,A5,الشرائع,الشرائع,Active,Good,100,UPVC,1/24/2004 0:00,7.4,50.09109806,172308,Roads,residential,15,21.468334,39.951992,السبت,4/29/2023 0:00,4/30/2023 0:00,5:17,39.94819753,21.47730833
352945,352946,1,MAKKAH MA1,حي الشرائع,A5,الشرائع,الشرائع,Active,Good,100,UPVC,1/24/2004 0:00,7.4,142.3828834,172308,Roads,residential,15,21.468334,39.951992,السبت,4/29/2023 0:00,4/30/2023 0:00,5:17,39.94819793,21.4773076
352946,352947,0,MAKKAH MA1,حي الشرائع,A5,الشرائع,الشرائع,Active,Good,600,DI,11/10/2003 0:00,4.2,5.307071355,183687,Roads,secondary,15,0,0, ,,, ,39.94311556,21.4768912
352947,352948,0,MAKKAH MA1,حي الشرائع,A5,الشرائع,الشرائع,Active,Good,400,DI,11/10/2003 0:00,4.2,192.042787,183687,Roads,secondary,15,0,0, ,,, ,39.94320114,21.47693297
352948,352949,0,MAKKAH MA1,حي الشرائع,A5,الشرائع,الشرائع,Active,Good,400,DI,11/10/2003 0:00,4.2,192.042787,183687,Roads,secondary,15,0,0, ,,, ,39.94328672,21.47697475
352949,352950,0,MAKKAH MA1,حي الشرائع,A5,الشرائع,الشرائع,Active,Good,400,DI,11/10/2003 0:00,4.2,192.042787,183687,Roads,secondary,15,0,0, ,,, ,39.9433723,21.47701652
352950,352951,0,MAKKAH MA1,حي الشرائع,A5,الشرائع,الشرائع,Active,Good,400,DI,11/10/2003 0:00,4.2,192.042787,183687,Roads,secondary,15,0,0, ,,, ,39.94345788,21.47705829
352951,352952,0,MAKKAH MA1,حي الشرائع,A5,الشرائع,الشرائع,Active,Good,400,DI,11/10/2003 0:00,4.2,192.042787,183687,Roads,secondary,15,0,0, ,,, ,39.94354346,21.47710006
352952,352953,0,MAKKAH MA1,حي الشرائع,A5,الشرائع,الشرائع,Active,Good,400,DI,11/10/2003 0:00,4.2,192.042787,183687,Roads,secondary,15,0,0, ,,, ,39.94362904,21.47714184
352953,352954,0,MAKKAH MA1,حي الشرائع,A5,الشرائع,الشرائع,Active,Good,400,DI,11/10/2003 0:00,4.2,192.042787,183687,Roads,secondary,15,0,0, ,,, ,39.94371462,21.47718361
352954,352955,0,MAKKAH MA1,حي الشرائع,A5,الشرائع,الشرائع,Active,Good,400,DI,11/10/2003 0:00,4.2,192.042787,183687,Roads,secondary,15,0,0, ,,, ,39.9438002,21.47722538
352955,352956,0,MAKKAH MA1,حي الشرائع,A5,الشرائع,الشرائع,Active,Good,400,DI,11/10/2003 0:00,4.2,192.042787,183687,Roads,secondary,15,0,0, ,,, ,39.94388578,21.47726715
352956,352957,0,MAKKAH MA1,حي الشرائع,A5,الشرائع,الشرائع,Active,Good,400,DI,11/10/2003 0:00,4.2,192.042787,183687,Roads,secondary,15,0,0, ,,, ,39.94397136,21.47730892
352957,352958,0,MAKKAH MA1,حي الشرائع,A5,الشرائع,الشرائع,Active,Good,400,DI,11/10/2003 0:00,4.2,192.042787,183687,Roads,secondary,15,0,0, ,,, ,39.94405695,21.4773507
352958,352959,0,MAKKAH MA1,حي الشرائع,A5,الشرائع,الشرائع,Active,Good,400,DI,11/10/2003 0:00,7.4,192.042787,183687,Roads,secondary,15,0,0, ,,, ,39.94414253,21.47739247
352959,352960,0,MAKKAH MA1,حي الشرائع,A5,الشرائع,الشرائع,Active,Good,400,DI,11/10/2003 0:00,7.4,192.042787,183687,Roads,secondary,15,0,0, ,,, ,39.94422811,21.47743424
352960,352961,0,MAKKAH MA1,حي الشرائع,A5,الشرائع,الشرائع,Active,Good,400,DI,11/10/2003 0:00,7.4,192.042787,183687,Roads,secondary,15,0,0, ,,, ,39.94431369,21.47747601
352961,352962,0,MAKKAH MA1,حي الشرائع,A5,الشرائع,الشرائع,Active,Good,400,DI,11/10/2003 0:00,7.4,192.042787,183687,Roads,secondary,15,0,0, ,,, ,39.94439927,21.47751778
